SKU,Nombre,Descripción corta,Descripción,Cantidad,Precio normal,"Requiere Calcular Iva (1=Si,0=No)",Imágenes,Título SEO,Palabra clave de SEO,Descripción SEO,Unnamed: 11
SN-82180,"Conector Spk (Sn) Emt Acero 1/2""","<strong>Referencia:</strong> 1/2""<strong>Material: </strong>Acero","Es una pieza fundamental en la instalación eléctrica que se utiliza para conectar dos tramos de tubos eléctricos EMT (Electrical Metallic Tubing). Este conector proporciona una unión sólida y segura entre los tubos, lo que es esencial para garantizar la integridad y la protección de los cables y conductores eléctricos que pasan a través de ellos.\n\n<strong>Usos Comunes:</strong>\n<ul>\n 	<li><strong>Instalaciones Eléctricas Residenciales:</strong> Se utiliza en la instalación de cables eléctricos en casas y apartamentos.</li>\n 	<li><strong>Instalaciones Comerciales:</strong> En entornos comerciales y de negocios donde se requiere una instalación eléctrica segura y confiable.</li>\n 	<li><strong>Instalaciones Industriales:</strong> En instalaciones industriales que involucran el tendido de cables eléctricos para alimentar maquinaria y equipos.</li>\n 	<li><strong>Proyectos de Construcción:</strong> En proyectos de construcción donde se requiere una solución de tuberías eléctricas.</li>\n</ul>",0,1350,1,https://electrificadoracapital.com/wp-content/uploads/2023/11/82180.png,"Conector Spk (Sn) Emt Acero 1/2""",Conector Spk Sn Emt Acero 12 Es una pieza fundamental,"Conector Spk (Sn) Emt Acero 1/2"" ofrece calidad y durabilidad. Ideal para Terminal EMT.",
SN-82130,"Conector Spk (Sn) Emt Acero 2""","<strong>Referencia:</strong> 2""<strong>Material: </strong>Acero","<p>Es una pieza fundamental en la instalación eléctrica que se utiliza para conectar dos tramos de tubos eléctricos EMT (Electrical Metallic Tubing). Este conector proporciona una unión sólida y segura entre los tubos, lo que es esencial para garantizar la integridad y la protección de los cables y conductores eléctricos que pasan a través de ellos.</p>\n<p>Usos Comunes:</p>\n<ul>\n<li>Instalaciones Eléctricas Residenciales: Se utiliza en la instalación de cables eléctricos en casas y apartamentos.</li>\n<li>Instalaciones Comerciales: En entornos comerciales y de negocios donde se requiere una instalación eléctrica segura y confiable.</li>\n<li>Instalaciones Industriales: En instalaciones industriales que involucran el tendido de cables eléctricos para alimentar maquinaria y equipos.</li>\n<li>Proyectos de Construcción: En proyectos de construcción donde se requiere una solución de tuberías eléctricas.</li>\n</ul>",0,9850,1,https://electrificadoracapital.com/wp-content/uploads/2023/11/82180.png,"Conector Spk (Sn) Emt Acero 2""",Conector Spk Sn Emt Acero 2 Es una pieza fundamental,"Conector Spk (Sn) Emt Acero 2"" ofrece calidad y durabilidad. Ideal para Terminal EMT.",105550.0
SN-82125,"Conector Spk (Sn) Emt Acero 1-1/2""","<strong>Referencia:</strong> 1-1/2""<strong>Material: </strong>Acero","Es una pieza fundamental en la instalación eléctrica que se utiliza para conectar dos tramos de tubos eléctricos EMT (Electrical Metallic Tubing). Este conector proporciona una unión sólida y segura entre los tubos, lo que es esencial para garantizar la integridad y la protección de los cables y conductores eléctricos que pasan a través de ellos.\n\nUsos Comunes:\n<ul>\n 	<li>Instalaciones Eléctricas Residenciales: Se utiliza en la instalación de cables eléctricos en casas y apartamentos.</li>\n 	<li>Instalaciones Comerciales: En entornos comerciales y de negocios donde se requiere una instalación eléctrica segura y confiable.</li>\n 	<li>Instalaciones Industriales: En instalaciones industriales que involucran el tendido de cables eléctricos para alimentar maquinaria y equipos.</li>\n 	<li>Proyectos de Construcción: En proyectos de construcción donde se requiere una solución de tuberías eléctricas.</li>\n</ul>",0,7150,1,https://electrificadoracapital.com/wp-content/uploads/2023/11/82180.png,"Conector Spk (Sn) Emt Acero 1-1/2""",Conector Spk Sn Emt Acero 112 Es una pieza fundamental,"Conector Spk (Sn) Emt Acero 1-1/2"" ofrece calidad y durabilidad. Ideal para Terminal EMT.",
SN-82185,"Conector Spk (Sn) Emt Acero 3/4""","<strong>Referencia:</strong> 3/4""<strong>Material: </strong>Acero","Es una pieza fundamental en la instalación eléctrica que se utiliza para conectar dos tramos de tubos eléctricos EMT (Electrical Metallic Tubing). Este conector proporciona una unión sólida y segura entre los tubos, lo que es esencial para garantizar la integridad y la protección de los cables y conductores eléctricos que pasan a través de ellos.\n\n<strong>Usos Comunes:</strong>\n<ul>\n 	<li><strong>Instalaciones Eléctricas Residenciales:</strong> Se utiliza en la instalación de cables eléctricos en casas y apartamentos.</li>\n 	<li><strong>Instalaciones Comerciales:</strong> En entornos comerciales y de negocios donde se requiere una instalación eléctrica segura y confiable.</li>\n 	<li><strong>Instalaciones Industriales:</strong> En instalaciones industriales que involucran el tendido de cables eléctricos para alimentar maquinaria y equipos.</li>\n 	<li><strong>Proyectos de Construcción:</strong> En proyectos de construcción donde se requiere una solución de tuberías eléctricas.</li>\n</ul>",0,1800,1,https://electrificadoracapital.com/wp-content/uploads/2023/11/82180.png,"Conector Spk (Sn) Emt Acero 3/4""",Conector Spk Sn Emt Acero 34 Es una pieza fundamental,"Conector Spk (Sn) Emt Acero 3/4"" ofrece calidad y durabilidad. Ideal para Terminal EMT.",
SN-82250,"Conector Spk (Sn) Emt Acero 3""","<strong>Referencia:</strong> 3""<strong>Material: </strong>Acero","Es una pieza fundamental en la instalación eléctrica que se utiliza para conectar dos tramos de tubos eléctricos EMT (Electrical Metallic Tubing). Este conector proporciona una unión sólida y segura entre los tubos, lo que es esencial para garantizar la integridad y la protección de los cables y conductores eléctricos que pasan a través de ellos.\n\n<strong>Usos Comunes:</strong>\n<ul>\n 	<li><strong>Instalaciones Eléctricas Residenciales:</strong> Se utiliza en la instalación de cables eléctricos en casas y apartamentos.</li>\n 	<li><strong>Instalaciones Comerciales:</strong> En entornos comerciales y de negocios donde se requiere una instalación eléctrica segura y confiable.</li>\n 	<li><strong>Instalaciones Industriales:</strong> En instalaciones industriales que involucran el tendido de cables eléctricos para alimentar maquinaria y equipos.</li>\n 	<li><strong>Proyectos de Construcción:</strong> En proyectos de construcción donde se requiere una solución de tuberías eléctricas.</li>\n</ul>",0,37950,1,https://electrificadoracapital.com/wp-content/uploads/2023/11/82180.png,"Conector Spk (Sn) Emt Acero 3""",Conector Spk Sn Emt Acero 3 Es una pieza fundamental,"Conector Spk (Sn) Emt Acero 3"" ofrece calidad y durabilidad. Ideal para Terminal EMT.",
SN-82120,"Conector Spk (Sn) Emt Acero 1-1/4""","<strong>Referencia:</strong> 1-1/4""<strong>Material: </strong>Acero","Es una pieza fundamental en la instalación eléctrica que se utiliza para conectar dos tramos de tubos eléctricos EMT (Electrical Metallic Tubing). Este conector proporciona una unión sólida y segura entre los tubos, lo que es esencial para garantizar la integridad y la protección de los cables y conductores eléctricos que pasan a través de ellos.\n\nUsos Comunes:\n<ul>\n 	<li>Instalaciones Eléctricas Residenciales: Se utiliza en la instalación de cables eléctricos en casas y apartamentos.</li>\n 	<li>Instalaciones Comerciales: En entornos comerciales y de negocios donde se requiere una instalación eléctrica segura y confiable.</li>\n 	<li>Instalaciones Industriales: En instalaciones industriales que involucran el tendido de cables eléctricos para alimentar maquinaria y equipos.</li>\n 	<li>Proyectos de Construcción: En proyectos de construcción donde se requiere una solución de tuberías eléctricas.</li>\n</ul>",0,5700,1,https://electrificadoracapital.com/wp-content/uploads/2023/11/82180.png,"Conector Spk (Sn) Emt Acero 1-1/4""",Conector Spk Sn Emt Acero 114 Es una pieza fundamental,"Conector Spk (Sn) Emt Acero 1-1/4"" ofrece calidad y durabilidad. Ideal para Terminal EMT.",
SN-82267,"Conector Spk (Sn) Emt Acero 1""","<strong>Referencia:</strong> 1""<strong>Material:</strong> Acero","Es una pieza fundamental en la instalación eléctrica que se utiliza para conectar dos tramos de tubos eléctricos EMT (Electrical Metallic Tubing). Este conector proporciona una unión sólida y segura entre los tubos, lo que es esencial para garantizar la integridad y la protección de los cables y conductores eléctricos que pasan a través de ellos.\n\n<strong>Usos Comunes:</strong>\n<ul>\n 	<li><strong>Instalaciones Eléctricas Residenciales:</strong> Se utiliza en la instalación de cables eléctricos en casas y apartamentos.</li>\n 	<li><strong>Instalaciones Comerciales:</strong> En entornos comerciales y de negocios donde se requiere una instalación eléctrica segura y confiable.</li>\n 	<li><strong>Instalaciones Industriales:</strong> En instalaciones industriales que involucran el tendido de cables eléctricos para alimentar maquinaria y equipos.</li>\n 	<li><strong>Proyectos de Construcción:</strong> En proyectos de construcción donde se requiere una solución de tuberías eléctricas.</li>\n</ul>",0,3050,1,https://electrificadoracapital.com/wp-content/uploads/2023/11/82180.png,"Conector Spk (Sn) Emt Acero 1""",Conector Spk Sn Emt Acero 1 Es una pieza fundamental,"Conector Spk (Sn) Emt Acero 1"" ofrece calidad y durabilidad. Ideal para Terminal EMT.",
TEMTA1,Terminal Emt Acerada de 1,Terminal-Conector EMT de 1\n<strong>Material:</strong> Acero\n<strong>Rosca:</strong> Conector rosca npt- tuerca nps\nTornillo de fijación,"Terminal EMT Acerada\n\nLa Terminal EMT Acerada es una pieza esencial para sistemas de conducción eléctrica que demandan calidad y confiabilidad. Fabricada con acero galvanizado de primera categoría, esta terminal ofrece resistencia a la corrosión y durabilidad para garantizar conexiones seguras a lo largo del tiempo.\n\nCon un diseño preciso y dimensiones estándar, esta terminal EMT se adapta fácilmente a conductos eléctricos del mismo tamaño, facilitando su integración en una variedad de proyectos eléctricos. Su instalación sencilla y segura la convierte en la elección perfecta para profesionales y aficionados por igual.\n\nAplicaciones del Producto:\n\nProyectos de instalación eléctrica residencial.\nAplicaciones comerciales e industriales que requieren conexiones seguras.\nSistemas de cableado en construcciones nuevas o remodelaciones.\nUtilización en interiores y exteriores.\nConexiones de conductos en sistemas de conducción eléctrica.",0,2250,1,"https://electrificadoracapital.com/wp-content/uploads/2020/04/terminalemtacerada-4.jpg, https://electrificadoracapital.com/wp-content/uploads/2020/04/terminalemtacerada.jpg, https://electrificadoracapital.com/wp-content/uploads/2020/04/terminalemtacerada-1.jpg, https://electrificadoracapital.com/wp-content/uploads/2020/04/terminalemtacerada-2.jpg, https://electrificadoracapital.com/wp-content/uploads/2020/04/terminalemtacerada-3.jpg",,Terminal Emt Acerada de 1 Terminal EMT AceradannLa Terminal EMT,,
TEMTA1/2,Terminal EMT Acerada de 1/2,Terminal-Conector EMT de 1/2<strong>\nMaterial:</strong> Acero\n<strong>Rosca:</strong> Conector rosca npt- tuerca nps\nTornillo de fijación,"Terminal EMT Acerada\n\nLa Terminal EMT Acerada es una pieza esencial para sistemas de conducción eléctrica que demandan calidad y confiabilidad. Fabricada con acero galvanizado de primera categoría, esta terminal ofrece resistencia a la corrosión y durabilidad para garantizar conexiones seguras a lo largo del tiempo.\n\nCon un diseño preciso y dimensiones estándar, esta terminal EMT se adapta fácilmente a conductos eléctricos del mismo tamaño, facilitando su integración en una variedad de proyectos eléctricos. Su instalación sencilla y segura la convierte en la elección perfecta para profesionales y aficionados por igual.\n\nAplicaciones del Producto:\n\nProyectos de instalación eléctrica residencial.\nAplicaciones comerciales e industriales que requieren conexiones seguras.\nSistemas de cableado en construcciones nuevas o remodelaciones.\nUtilización en interiores y exteriores.\nConexiones de conductos en sistemas de conducción eléctrica.",0,1050,1,https://electrificadoracapital.com/wp-content/uploads/2020/04/terminalemtacerada-4.jpg,,Terminal EMT Acerada de 12 Terminal EMT AceradannLa Terminal EMT,,
TEMTA11/2,Terminal Emt Acerada de 1 1/2,Terminal-Conector EMT de 1 1/2\n<strong>Material:</strong> Acero\n<strong>Rosca:</strong> Conector rosca npt- tuerca nps\nTornillo de fijación,"Terminal EMT Acerada\n\nLa Terminal EMT Acerada es una pieza esencial para sistemas de conducción eléctrica que demandan calidad y confiabilidad. Fabricada con acero galvanizado de primera categoría, esta terminal ofrece resistencia a la corrosión y durabilidad para garantizar conexiones seguras a lo largo del tiempo.\n\nCon un diseño preciso y dimensiones estándar, esta terminal EMT se adapta fácilmente a conductos eléctricos del mismo tamaño, facilitando su integración en una variedad de proyectos eléctricos. Su instalación sencilla y segura la convierte en la elección perfecta para profesionales y aficionados por igual.\n\nAplicaciones del Producto:\n\nProyectos de instalación eléctrica residencial.\nAplicaciones comerciales e industriales que requieren conexiones seguras.\nSistemas de cableado en construcciones nuevas o remodelaciones.\nUtilización en interiores y exteriores.\nConexiones de conductos en sistemas de conducción eléctrica.",0,4500,1,https://electrificadoracapital.com/wp-content/uploads/2020/04/terminalemtacerada-4.jpg,,Terminal Emt Acerada de 1 12 Terminal EMT AceradannLa Terminal,,
TEMTA11/4,Terminal Emt Acerada de 1 1/4,Terminal-Conector EMT de 1 1/4\n<strong>Material:</strong> Acero\n<strong>Rosca:</strong> Conector rosca npt- tuerca nps\nTornillo de fijación,"Terminal EMT Acerada\n\nLa Terminal EMT Acerada es una pieza esencial para sistemas de conducción eléctrica que demandan calidad y confiabilidad. Fabricada con acero galvanizado de primera categoría, esta terminal ofrece resistencia a la corrosión y durabilidad para garantizar conexiones seguras a lo largo del tiempo.\n\nCon un diseño preciso y dimensiones estándar, esta terminal EMT se adapta fácilmente a conductos eléctricos del mismo tamaño, facilitando su integración en una variedad de proyectos eléctricos. Su instalación sencilla y segura la convierte en la elección perfecta para profesionales y aficionados por igual.\n\nAplicaciones del Producto:\n\nProyectos de instalación eléctrica residencial.\nAplicaciones comerciales e industriales que requieren conexiones seguras.\nSistemas de cableado en construcciones nuevas o remodelaciones.\nUtilización en interiores y exteriores.\nConexiones de conductos en sistemas de conducción eléctrica.",0,3600,1,https://electrificadoracapital.com/wp-content/uploads/2020/04/terminalemtacerada-4.jpg,,Terminal Emt Acerada de 1 14 Terminal EMT AceradannLa Terminal,,
TEMTA2,Terminal Emt Acerada de 2,Terminal-Conector EMT de 2\n<strong>Material:</strong> Acero\n<strong>Rosca:</strong> Conector rosca npt- tuerca nps\nTornillo de fijación,"Terminal EMT Acerada\n\nLa Terminal EMT Acerada es una pieza esencial para sistemas de conducción eléctrica que demandan calidad y confiabilidad. Fabricada con acero galvanizado de primera categoría, esta terminal ofrece resistencia a la corrosión y durabilidad para garantizar conexiones seguras a lo largo del tiempo.\n\nCon un diseño preciso y dimensiones estándar, esta terminal EMT se adapta fácilmente a conductos eléctricos del mismo tamaño, facilitando su integración en una variedad de proyectos eléctricos. Su instalación sencilla y segura la convierte en la elección perfecta para profesionales y aficionados por igual.\n\nAplicaciones del Producto:\n\nProyectos de instalación eléctrica residencial.\nAplicaciones comerciales e industriales que requieren conexiones seguras.\nSistemas de cableado en construcciones nuevas o remodelaciones.\nUtilización en interiores y exteriores.\nConexiones de conductos en sistemas de conducción eléctrica.",0,6250,1,https://electrificadoracapital.com/wp-content/uploads/2020/04/terminalemtacerada-4.jpg,,Terminal Emt Acerada de 2 Terminal EMT AceradannLa Terminal EMT,,
TEMTA3,Terminal Emt Acerada de 3,Terminal-Conector EMT de 3\n<strong>Material:</strong> Acero\n<strong>Rosca:</strong> Conector rosca npt- tuerca nps\nTornillo de fijación,"Terminal EMT Acerada\n\nLa Terminal EMT Acerada es una pieza esencial para sistemas de conducción eléctrica que demandan calidad y confiabilidad. Fabricada con acero galvanizado de primera categoría, esta terminal ofrece resistencia a la corrosión y durabilidad para garantizar conexiones seguras a lo largo del tiempo.\n\nCon un diseño preciso y dimensiones estándar, esta terminal EMT se adapta fácilmente a conductos eléctricos del mismo tamaño, facilitando su integración en una variedad de proyectos eléctricos. Su instalación sencilla y segura la convierte en la elección perfecta para profesionales y aficionados por igual.\n\nAplicaciones del Producto:\n\nProyectos de instalación eléctrica residencial.\nAplicaciones comerciales e industriales que requieren conexiones seguras.\nSistemas de cableado en construcciones nuevas o remodelaciones.\nUtilización en interiores y exteriores.\nConexiones de conductos en sistemas de conducción eléctrica.",0,28500,1,https://electrificadoracapital.com/wp-content/uploads/2020/04/terminalemtacerada-4.jpg,,Terminal Emt Acerada de 3 Terminal EMT AceradannLa Terminal EMT,,
TEMTA3/4,Terminal Emt Acerada de 3/4,Terminal-Conector EMT de 3/4\n<strong>Material:</strong> Acero\n<strong>Rosca:</strong> Conector rosca npt- tuerca nps\nTornillo de fijación,"Terminal EMT Acerada\n\nLa Terminal EMT Acerada es una pieza esencial para sistemas de conducción eléctrica que demandan calidad y confiabilidad. Fabricada con acero galvanizado de primera categoría, esta terminal ofrece resistencia a la corrosión y durabilidad para garantizar conexiones seguras a lo largo del tiempo.\n\nCon un diseño preciso y dimensiones estándar, esta terminal EMT se adapta fácilmente a conductos eléctricos del mismo tamaño, facilitando su integración en una variedad de proyectos eléctricos. Su instalación sencilla y segura la convierte en la elección perfecta para profesionales y aficionados por igual.\n\nAplicaciones del Producto:\n\nProyectos de instalación eléctrica residencial.\nAplicaciones comerciales e industriales que requieren conexiones seguras.\nSistemas de cableado en construcciones nuevas o remodelaciones.\nUtilización en interiores y exteriores.\nConexiones de conductos en sistemas de conducción eléctrica.",0,1350,1,https://electrificadoracapital.com/wp-content/uploads/2020/04/terminalemtacerada-4.jpg,,Terminal Emt Acerada de 34 Terminal EMT AceradannLa Terminal EMT,,
TEMTA4,Terminal Emt Acerada de 4,Terminal-Conector EMT de 4\n<strong>Material:</strong> Acero\n<strong>Rosca:</strong> Conector rosca npt- tuerca nps\nTornillo de fijación,"Terminal EMT Acerada\n\nLa Terminal EMT Acerada es una pieza esencial para sistemas de conducción eléctrica que demandan calidad y confiabilidad. Fabricada con acero galvanizado de primera categoría, esta terminal ofrece resistencia a la corrosión y durabilidad para garantizar conexiones seguras a lo largo del tiempo.\n\nCon un diseño preciso y dimensiones estándar, esta terminal EMT se adapta fácilmente a conductos eléctricos del mismo tamaño, facilitando su integración en una variedad de proyectos eléctricos. Su instalación sencilla y segura la convierte en la elección perfecta para profesionales y aficionados por igual.\n\nAplicaciones del Producto:\n\nProyectos de instalación eléctrica residencial.\nAplicaciones comerciales e industriales que requieren conexiones seguras.\nSistemas de cableado en construcciones nuevas o remodelaciones.\nUtilización en interiores y exteriores.\nConexiones de conductos en sistemas de conducción eléctrica.",0,37450,1,https://electrificadoracapital.com/wp-content/uploads/2020/04/terminalemtacerada-4.jpg,,Terminal Emt Acerada de 4 Terminal EMT AceradannLa Terminal EMT,,
TEMT1/2ZN,Terminal EMT ZINC de 1/2,Terminal-Conector EMT de 1/2\n<strong>Material:</strong> Aluminio con recubrimiento superficial (zinc)\n<strong>Rosca:</strong> Conector rosca npt- tuerca nps\nTornillo de fijación,"Terminal EMT de Zinc de 1/2"" con Recubrimiento Anticorrosivo\n\nLa Terminal EMT de Zinc de 1/2"" con recubrimiento anticorrosivo es un componente esencial para sistemas de conducción eléctrica que exigen durabilidad y resistencia a la corrosión en un formato más compacto. El uso de zinc de alta calidad en su fabricación garantiza un rendimiento confiable y prolonga la vida útil del producto.\n\nEste terminal, con un diseño meticuloso específicamente para conductos de 1/2"", se destaca por su facilidad de instalación y su capacidad para adaptarse a espacios más reducidos sin sacrificar la resistencia estructural. La construcción robusta de esta terminal asegura conexiones seguras y duraderas, cumpliendo con los estándares más exigentes de la industria eléctrica.\n\nAplicaciones del Producto:\n\nProyectos Residenciales: Perfecta para instalaciones eléctricas en hogares, esta terminal es ideal para conexiones seguras en espacios más compactos.\n\nAplicaciones Comerciales e Industriales: En entornos que requieren conexiones duraderas en conductos de menor tamaño, esta terminal destaca por su fiabilidad.\n\nSistemas de Cableado: Su diseño compacto la hace idónea para proyectos de cableado que involucren conductos de 1/2"", proporcionando soluciones precisas.\n\nConexiones Interiores y Exteriores: Su resistencia al ambiente la convierte en una opción versátil para conexiones tanto en interiores como en exteriores.\n\nSistemas de Conducción Eléctrica: Adaptada para sistemas eléctricos que emplean conductos de 1/2"", esta terminal asegura conexiones eficientes en una amplia gama de aplicaciones.",0,1050,1,https://electrificadoracapital.com/wp-content/uploads/2018/11/Terminal-Conector-EMT.jpg,,Terminal EMT ZINC de 12 Terminal EMT de Zinc de,,
TEMT4ZN,Terminal EMT ZINC de 4,Terminal-Conector EMT de 4\n<strong>Material:</strong> Aluminio con recubrimiento superficial (zinc)\n<strong>Rosca:</strong> Conector rosca npt- tuerca nps\nTornillo de fijación,"Descripción del Producto: Terminal EMT de Zinc con Recubrimiento Anticorrosivo\n\nLa Terminal EMT de Zinc es un componente esencial para sistemas de conducción eléctrica que requieren la combinación perfecta de durabilidad y resistencia a la corrosión. El uso de zinc de alta calidad en su fabricación no solo asegura un rendimiento confiable, sino que también añade una capa adicional de protección contra los efectos adversos del entorno.\n\nEste producto presenta un diseño meticuloso y dimensiones estándar, lo que facilita su instalación y su integración sin complicaciones en conductos eléctricos del mismo tamaño. Su construcción robusta garantiza conexiones seguras y duraderas, proporcionando una solución confiable para proyectos eléctricos residenciales, comerciales e industriales.\n\nAplicaciones del Producto:\n\nProyectos Residenciales: La Terminal EMT de Zinc es ideal para instalaciones eléctricas en hogares, asegurando conexiones seguras y duraderas en cada rincón.\n\nAplicaciones Comerciales e Industriales: En entornos que demandan resistencia y confiabilidad, esta terminal destaca al ofrecer conexiones seguras incluso en condiciones exigentes.\n\nSistemas de Cableado: Ya sea en construcciones nuevas o en remodelaciones, esta terminal es la opción perfecta para sistemas de cableado que requieren componentes de alta calidad.\n\nConexiones Interiores y Exteriores: Su resistencia a la corrosión la hace apta tanto para conexiones en interiores como en exteriores, adaptándose a diversas necesidades de instalación.\n\nSistemas de Conducción Eléctrica: La versatilidad de esta terminal la hace adecuada para una amplia gama de aplicaciones en sistemas de conducción eléctrica en general.",0,43400,1,https://electrificadoracapital.com/wp-content/uploads/2018/11/Terminal-Conector-EMT.jpg,,Terminal EMT ZINC de 4 Descripción del Producto Terminal EMT,,
TEMT3/4ZN,Terminal EMT ZINC de 3/4,Terminal-Conector EMT de 3/4\n<strong>Material:</strong> Aluminio con recubrimiento superficial (zinc)\n<strong>Rosca:</strong> Conector rosca npt- tuerca nps\nTornillo de fijación,"Descripción del Producto: Terminal EMT de Zinc con Recubrimiento Anticorrosivo\n\nLa Terminal EMT de Zinc es un componente esencial para sistemas de conducción eléctrica que requieren la combinación perfecta de durabilidad y resistencia a la corrosión. El uso de zinc de alta calidad en su fabricación no solo asegura un rendimiento confiable, sino que también añade una capa adicional de protección contra los efectos adversos del entorno.\n\nEste producto presenta un diseño meticuloso y dimensiones estándar, lo que facilita su instalación y su integración sin complicaciones en conductos eléctricos del mismo tamaño. Su construcción robusta garantiza conexiones seguras y duraderas, proporcionando una solución confiable para proyectos eléctricos residenciales, comerciales e industriales.\n\nAplicaciones del Producto:\n\nProyectos Residenciales: La Terminal EMT de Zinc es ideal para instalaciones eléctricas en hogares, asegurando conexiones seguras y duraderas en cada rincón.\n\nAplicaciones Comerciales e Industriales: En entornos que demandan resistencia y confiabilidad, esta terminal destaca al ofrecer conexiones seguras incluso en condiciones exigentes.\n\nSistemas de Cableado: Ya sea en construcciones nuevas o en remodelaciones, esta terminal es la opción perfecta para sistemas de cableado que requieren componentes de alta calidad.\n\nConexiones Interiores y Exteriores: Su resistencia a la corrosión la hace apta tanto para conexiones en interiores como en exteriores, adaptándose a diversas necesidades de instalación.\n\nSistemas de Conducción Eléctrica: La versatilidad de esta terminal la hace adecuada para una amplia gama de aplicaciones en sistemas de conducción eléctrica en general.",0,1300,1,https://electrificadoracapital.com/wp-content/uploads/2018/11/Terminal-Conector-EMT.jpg,,Terminal EMT ZINC de 34 Descripción del Producto Terminal EMT,,
TEMT3ZN,Terminal EMT ZINC de 3,Terminal-Conector EMT de 3\n<strong>Material:</strong> Aluminio con recubrimiento superficial (zinc)\n<strong>Rosca:</strong> Conector rosca npt- tuerca nps\nTornillo de fijación,"Descripción del Producto: Terminal EMT de Zinc con Recubrimiento Anticorrosivo\n\nLa Terminal EMT de Zinc es un componente esencial para sistemas de conducción eléctrica que requieren la combinación perfecta de durabilidad y resistencia a la corrosión. El uso de zinc de alta calidad en su fabricación no solo asegura un rendimiento confiable, sino que también añade una capa adicional de protección contra los efectos adversos del entorno.\n\nEste producto presenta un diseño meticuloso y dimensiones estándar, lo que facilita su instalación y su integración sin complicaciones en conductos eléctricos del mismo tamaño. Su construcción robusta garantiza conexiones seguras y duraderas, proporcionando una solución confiable para proyectos eléctricos residenciales, comerciales e industriales.\n\nAplicaciones del Producto:\n\nProyectos Residenciales: La Terminal EMT de Zinc es ideal para instalaciones eléctricas en hogares, asegurando conexiones seguras y duraderas en cada rincón.\n\nAplicaciones Comerciales e Industriales: En entornos que demandan resistencia y confiabilidad, esta terminal destaca al ofrecer conexiones seguras incluso en condiciones exigentes.\n\nSistemas de Cableado: Ya sea en construcciones nuevas o en remodelaciones, esta terminal es la opción perfecta para sistemas de cableado que requieren componentes de alta calidad.\n\nConexiones Interiores y Exteriores: Su resistencia a la corrosión la hace apta tanto para conexiones en interiores como en exteriores, adaptándose a diversas necesidades de instalación.\n\nSistemas de Conducción Eléctrica: La versatilidad de esta terminal la hace adecuada para una amplia gama de aplicaciones en sistemas de conducción eléctrica en general.",0,32350,1,https://electrificadoracapital.com/wp-content/uploads/2018/11/Terminal-Conector-EMT.jpg,,Terminal EMT ZINC de 3 Descripción del Producto Terminal EMT,,
TEMT2ZN,Terminal EMT ZINC de 2,Terminal-Conector EMT de 2\n<strong>Material:</strong> Aluminio con recubrimiento superficial (zinc)\n<strong>Rosca:</strong> Conector rosca npt- tuerca nps\nTornillo de fijación,"Descripción del Producto: Terminal EMT de Zinc con Recubrimiento Anticorrosivo\n\nLa Terminal EMT de Zinc es un componente esencial para sistemas de conducción eléctrica que requieren la combinación perfecta de durabilidad y resistencia a la corrosión. El uso de zinc de alta calidad en su fabricación no solo asegura un rendimiento confiable, sino que también añade una capa adicional de protección contra los efectos adversos del entorno.\n\nEste producto presenta un diseño meticuloso y dimensiones estándar, lo que facilita su instalación y su integración sin complicaciones en conductos eléctricos del mismo tamaño. Su construcción robusta garantiza conexiones seguras y duraderas, proporcionando una solución confiable para proyectos eléctricos residenciales, comerciales e industriales.\n\nAplicaciones del Producto:\n\nProyectos Residenciales: La Terminal EMT de Zinc es ideal para instalaciones eléctricas en hogares, asegurando conexiones seguras y duraderas en cada rincón.\n\nAplicaciones Comerciales e Industriales: En entornos que demandan resistencia y confiabilidad, esta terminal destaca al ofrecer conexiones seguras incluso en condiciones exigentes.\n\nSistemas de Cableado: Ya sea en construcciones nuevas o en remodelaciones, esta terminal es la opción perfecta para sistemas de cableado que requieren componentes de alta calidad.\n\nConexiones Interiores y Exteriores: Su resistencia a la corrosión la hace apta tanto para conexiones en interiores como en exteriores, adaptándose a diversas necesidades de instalación.\n\nSistemas de Conducción Eléctrica: La versatilidad de esta terminal la hace adecuada para una amplia gama de aplicaciones en sistemas de conducción eléctrica en general.",0,5200,1,https://electrificadoracapital.com/wp-content/uploads/2018/11/Terminal-Conector-EMT.jpg,,Terminal EMT ZINC de 2 Descripción del Producto Terminal EMT,,
TEMT11/4ZN,Terminal EMT ZINC de 1 1/4,Terminal-Conector EMT de 1 1/4\n<strong>Material:</strong> Aluminio con recubrimiento superficial (zinc)\n<strong>Rosca:</strong> Conector rosca npt- tuerca nps\nTornillo de fijación,"Descripción del Producto: Terminal EMT de Zinc con Recubrimiento Anticorrosivo\n\nLa Terminal EMT de Zinc es un componente esencial para sistemas de conducción eléctrica que requieren la combinación perfecta de durabilidad y resistencia a la corrosión. El uso de zinc de alta calidad en su fabricación no solo asegura un rendimiento confiable, sino que también añade una capa adicional de protección contra los efectos adversos del entorno.\n\nEste producto presenta un diseño meticuloso y dimensiones estándar, lo que facilita su instalación y su integración sin complicaciones en conductos eléctricos del mismo tamaño. Su construcción robusta garantiza conexiones seguras y duraderas, proporcionando una solución confiable para proyectos eléctricos residenciales, comerciales e industriales.\n\nAplicaciones del Producto:\n\nProyectos Residenciales: La Terminal EMT de Zinc es ideal para instalaciones eléctricas en hogares, asegurando conexiones seguras y duraderas en cada rincón.\n\nAplicaciones Comerciales e Industriales: En entornos que demandan resistencia y confiabilidad, esta terminal destaca al ofrecer conexiones seguras incluso en condiciones exigentes.\n\nSistemas de Cableado: Ya sea en construcciones nuevas o en remodelaciones, esta terminal es la opción perfecta para sistemas de cableado que requieren componentes de alta calidad.\n\nConexiones Interiores y Exteriores: Su resistencia a la corrosión la hace apta tanto para conexiones en interiores como en exteriores, adaptándose a diversas necesidades de instalación.\n\nSistemas de Conducción Eléctrica: La versatilidad de esta terminal la hace adecuada para una amplia gama de aplicaciones en sistemas de conducción eléctrica en general.",0,2400,1,https://electrificadoracapital.com/wp-content/uploads/2018/11/Terminal-Conector-EMT.jpg,,Terminal EMT ZINC de 1 14 Descripción del Producto Terminal,,
TEMT11/2ZN,Terminal EMT ZINC de 1 1/2,Terminal-Conector EMT de 1 1/2\n<strong>Material:</strong> Aluminio con recubrimiento superficial (zinc)\n<strong>Rosca:</strong> Conector rosca npt- tuerca nps\nTornillo de fijación,"Descripción del Producto: Terminal EMT de Zinc con Recubrimiento Anticorrosivo\n\nLa Terminal EMT de Zinc es un componente esencial para sistemas de conducción eléctrica que requieren la combinación perfecta de durabilidad y resistencia a la corrosión. El uso de zinc de alta calidad en su fabricación no solo asegura un rendimiento confiable, sino que también añade una capa adicional de protección contra los efectos adversos del entorno.\n\nEste producto presenta un diseño meticuloso y dimensiones estándar, lo que facilita su instalación y su integración sin complicaciones en conductos eléctricos del mismo tamaño. Su construcción robusta garantiza conexiones seguras y duraderas, proporcionando una solución confiable para proyectos eléctricos residenciales, comerciales e industriales.\n\nAplicaciones del Producto:\n\nProyectos Residenciales: La Terminal EMT de Zinc es ideal para instalaciones eléctricas en hogares, asegurando conexiones seguras y duraderas en cada rincón.\n\nAplicaciones Comerciales e Industriales: En entornos que demandan resistencia y confiabilidad, esta terminal destaca al ofrecer conexiones seguras incluso en condiciones exigentes.\n\nSistemas de Cableado: Ya sea en construcciones nuevas o en remodelaciones, esta terminal es la opción perfecta para sistemas de cableado que requieren componentes de alta calidad.\n\nConexiones Interiores y Exteriores: Su resistencia a la corrosión la hace apta tanto para conexiones en interiores como en exteriores, adaptándose a diversas necesidades de instalación.\n\nSistemas de Conducción Eléctrica: La versatilidad de esta terminal la hace adecuada para una amplia gama de aplicaciones en sistemas de conducción eléctrica en general.",0,3450,1,https://electrificadoracapital.com/wp-content/uploads/2018/11/Terminal-Conector-EMT.jpg,,Terminal EMT ZINC de 1 12 Descripción del Producto Terminal,,
TEMT1ZN,Terminal EMT ZINC de 1,Terminal-Conector EMT de 1\n<strong>Material:</strong> Aluminio con recubrimiento superficial (zinc)\n<strong>Rosca:</strong> Conector rosca npt- tuerca nps\nTornillo de fijación,"Descripción del Producto: Terminal EMT de Zinc con Recubrimiento Anticorrosivo\n\nLa Terminal EMT de Zinc es un componente esencial para sistemas de conducción eléctrica que requieren la combinación perfecta de durabilidad y resistencia a la corrosión. El uso de zinc de alta calidad en su fabricación no solo asegura un rendimiento confiable, sino que también añade una capa adicional de protección contra los efectos adversos del entorno.\n\nEste producto presenta un diseño meticuloso y dimensiones estándar, lo que facilita su instalación y su integración sin complicaciones en conductos eléctricos del mismo tamaño. Su construcción robusta garantiza conexiones seguras y duraderas, proporcionando una solución confiable para proyectos eléctricos residenciales, comerciales e industriales.\n\nAplicaciones del Producto:\n\nProyectos Residenciales: La Terminal EMT de Zinc es ideal para instalaciones eléctricas en hogares, asegurando conexiones seguras y duraderas en cada rincón.\n\nAplicaciones Comerciales e Industriales: En entornos que demandan resistencia y confiabilidad, esta terminal destaca al ofrecer conexiones seguras incluso en condiciones exigentes.\n\nSistemas de Cableado: Ya sea en construcciones nuevas o en remodelaciones, esta terminal es la opción perfecta para sistemas de cableado que requieren componentes de alta calidad.\n\nConexiones Interiores y Exteriores: Su resistencia a la corrosión la hace apta tanto para conexiones en interiores como en exteriores, adaptándose a diversas necesidades de instalación.\n\nSistemas de Conducción Eléctrica: La versatilidad de esta terminal la hace adecuada para una amplia gama de aplicaciones en sistemas de conducción eléctrica en general.",0,2250,1,https://electrificadoracapital.com/wp-content/uploads/2018/11/Terminal-Conector-EMT.jpg,,Terminal EMT ZINC de 1 Descripción del Producto Terminal EMT,,
